Club,Title,Date,Time,Artists,Genre,Description,Venue,Ticket URL,Event URL,Score
Kaschemme,ELECTRONIC EUPHORIA w/ OMAR DAHL live,2025-12-04,,OMAR DAHL live,electronic,"ğ˜–ğ˜”ğ˜ˆğ˜™ ğ˜‹ğ˜ˆğ˜ğ˜“ garantieren sinnlich-tanzbare Musik mit organischem Groove und euphorisierender Kraft. Die vierkÃ¶pfige Band aus  Belgien kombiniert EinflÃ¼sse aus unterschiedlichen Kulturen zu einem  mystischen Trip und einer Ã¤usserst tanzbaren Kombination aus  Synthesizern, Ney, Violine und Saxofon. Lineup: ğ—¢ğ— ğ—”ğ—¥ ğ——ğ—”ğ—›ğ—Ÿ live, ğ—˜ğ—¡ğ—¥ğ—œğ—¤ &amp; ğ—™ğ—¨ğ—¡ğ—ğ—˜ğ—¡ğ—¦ğ—–ğ—›ğ—Ÿğ—˜ğ—¨ğ——ğ—˜ğ—¥ live, ğ—ğ—¨ğ—Ÿğ—œ ğ—Ÿğ—˜ğ—˜, ğ—”ğ—¡ğ—”ğ—–ğ—¢-&gt; tickets.kaschemme.ch",,,https://www.kaschemme.ch/programm/2512/euphoria,19
Bassoverse,Event 6.12.2025,2025-12-06,15:00,,,,,,https://www.bassoverse.space/beats,15
Nordstern,Untitled Event,2025-12-13,23:00,,electronic,"Avaion exists at the compelling collision point of raw emotion and forward-thinking production. Refusing to be bound by a single genre, his distinct signature sound masterfully fuses electronic beats with organic elements, melancholic harmonies, and soulful vocals. Electric and experimental, Avaion has quickly carved out a space&mdash;and a global fanbase&mdash;entirely his own.",,https://tickets.nordstern.com/events/avaion,https://tickets.nordstern.com/events/avaion,15
Kaschemme,BASS ARCADE w/ Phill Turner &amp; Spiralek,2026-07-17,,Phill Turner &amp; Spiralek,bass,"WÃ¤hrend alle anderen in der Sommerpause sind, geben wir Vollgas! Am  18. Juli sind wir zurÃ¼ck in der Kaschemme mit einem Line-Up, das selbst  die coolsten Leute zum Schwitzen bringt. Zu Gast sind ğ˜—ğ˜ğ˜ğ˜“ğ˜“  ğ˜›ğ˜œğ˜™ğ˜•ğ˜Œğ˜™ und ğ˜šğ˜—ğ˜ğ˜™ğ˜ˆğ˜“ğ˜Œğ˜’, komplettiert wird das Lineup wie  immer von der Bass Arcade Crew. Schnappt euch eure Freund:innen und macht euch bereit fÃ¼r eine Nacht voller catchy Melodien und drÃ¼ckenden Basslines ğŸ•¹ï¸__Lineup: ğ—£ğ—›ğ—œğ—Ÿğ—Ÿ ğ—§ğ—¨ğ—¥ğ—¡ğ—˜ğ—¥, ğ—¦ğ—£ğ—œğ—¥ğ—”ğ—Ÿğ—˜ğ—, ğ— ğ—¢ğ—¡ğ—”ğ—Ÿğ—œğ—¦ğ—” ï¿½...",,,https://www.kaschemme.ch/programm/2507/bassarcade,15
Kaschemme,WEIL SONNTAG w/ NICA,2026-10-04,,NICA,,"Schon so viele tolle Sonntagsstunden haben wir mit ğ˜•ğ˜ğ˜Šğ˜ˆ in der Kaschemme erlebt, da liegt es nahe, gemeinsam in die neue Saison zu starten! WEIL SONNTAG lÃ¤dt im liebevoll dekorierten Wohnzimmer zum vertrÃ¤umten durch-den-Tag schweben ein.&nbsp;Lineup: ğ—™ğ—¥ğ—”ğ—¡ğ—–ğ—˜ğ—¦ğ—–ğ—¢ ğ—¥ğ—œğ—­ğ—­ğ—œ (berlin), ğ—ğ—”ğ—›ğ—Ÿ &amp; ğ—ğ—”ğ—˜ğ— ğ—˜ğ—¡ğ—” ğ˜“ğ˜ğ˜ğ˜Œ (berlin), ğ—˜ğ—©ğ—¢ğ—œğ—Ÿğ—”, ğ—§ğ—”ğ—”ğ—Ÿğ—”, ğ—§ğ—›ğ—œğ—Ÿğ—¢-&gt; tickets.kaschemme.ch",,,https://www.kaschemme.ch/programm/2510/weilsonntag,15
Kaschemme,BONEFLOWER NIGHT - A GOTHIC SOIRÃ‰E w/ TWIN NOIR &amp; LETTEN 94,2026-10-09,,TWIN NOIR &amp; LETTEN 94,rock,"On October 10th, we gather for a night where shadows bloom and melodies echo through the dark. ğ˜“ğ˜ğ˜ğ˜Œ on stage there will be ğ˜›ğ˜ğ˜ğ˜• ğ˜•ğ˜–ğ˜ğ˜™ from Berlin. A Punk / New Wave duo driven by a tape machine, weaving intensity and longing into haunting soundscapes. Opener of this nocturnal journey are ğ˜“ğ˜Œğ˜›ğ˜›ğ˜Œğ˜• 94 from Switzerland, carrying us deep into the hypnotic embrace of coldwave.Lineup: ğ—§ğ—ªğ—œğ—¡ ğ—¡ğ—¢ğ—œğ—¥, ğ—Ÿğ—˜ğ—§ğ—§ğ—˜ğ—¡ ğŸµğŸ°, ğ——ğ—”ğ—œğ—¦ğ—¬ ğ—–ğ—›ğ—”ğ—œğ—¡ ğ—ğ—¢ğ—Ÿğ—Ÿğ—˜ğ—ğ—§ğ—œğ—©-&gt;tickets.kaschemme.ch",,,https://www.kaschemme.ch/programm/2025/10/10/boneflower-night-a-gothic-soire-w-twin-noir-amp-letten-94,15
Kaschemme,DER INDIE SLOT w/ Mille Scuse &amp; Dirk Dollar,2026-10-31,,Mille Scuse &amp; Dirk Dollar,indie,"Am 1. November begrÃ¼ssen wir nach langem Warten endlich wieder einmal alle Indie Rock Fans bei uns im Club! Vor der famosen Party sorgen ğ˜‹ğ˜ğ˜™ğ˜’ ğ˜‹ğ˜–ğ˜“ğ˜“ğ˜ˆğ˜™ und ğ˜”ğ˜ğ˜“ğ˜“ğ˜Œ ğ˜šğ˜Šğ˜œğ˜šğ˜Œ mit ihren Live-Auftritten fÃ¼r ein wenig Nostalgie.Lineup:&nbsp;ğ——ğ—œğ—¥ğ— ğ——ğ—¢ğ—Ÿğ—Ÿğ—”ğ—¥ (Basel), ğ— ğ—œğ—Ÿğ—Ÿğ—˜ ğ—¦ğ—–ğ—¨ğ—¦ğ—˜ (Basel)-&gt; tickets.kaschemme.ch",,,https://www.kaschemme.ch/programm/2511/derindieslot,15
Kaschemme,"MindBodySoul w/ Jelena, Cephei, Faln",2026-11-14,,Jelena,bass,"Bewusste kÃ¶rperliche und geistige Entspannung mit hypnotischen Grooves und melodischer Euphorie bieten unsere DJs ğ˜‘ğ˜Œğ˜“ğ˜Œğ˜•ğ˜ˆ, ğ˜Šğ˜Œğ˜—ğ˜ğ˜Œğ˜ &amp; ğ˜ğ˜ˆğ˜“ğ˜•. Donnernde Rhythmen und vom Bass geschwÃ¤ngerte Luft - der wohl beliebteste Lifehack, um mal wieder so richtig abzuschalten.Lineup: ğ—ğ—˜ğ—Ÿğ—˜ğ—¡ğ—”, &nbsp;ğ—–ğ—˜ğ—£ğ—›ğ—˜ğ—œ, ğ—™ğ—”ğ—Ÿğ—¡-&gt; tickets.kaschemme.ch",,,https://www.kaschemme.ch/programm/2025/11/15/mindbodysoul-w-jelena-cephei-faln,15
Kaschemme,"WEIL SONNTAG w/ DANDARA, MULA, MADMA, EVOILA",2026-11-15,,DANDARA,,"Raus aus den Federn und rein ins ClubvergnÃ¼gen. Weil am Sonntag  tanzen so ungemein Spass macht, laden wir alle herzlich herein zu uns in  die gute Stube fÃ¼r ein weiteres Kapitel in dieser tollkÃ¼hnen Serie.Lineup: ğ——ğ—”ğ—¡ğ——ğ—”ğ—¥ğ—”, ğ— ğ—¨ğ—Ÿğ—”, ğ— ğ—”ğ——ğ— ğ—”, ğ—˜ğ—©ğ—¢ğ—œğ—Ÿğ—”-&gt; tickets.kaschemme.ch",,,https://www.kaschemme.ch/programm/2511/weilsonntag,15
Kaschemme,BASS ARCADE w/ SUBKEY &amp; RUFFCUT,2026-11-20,,SUBKEY &amp; RUFFCUT,drum & bass,"Vor etwas mehr als zwei Jahren haben wir unsere Reise in die Welt des Drum and Bass begonnen. Mit vielen unvergesslichen Raves auf dem Buckel erreichen wir nun das erste zweistellige Level!Lineup: ğ—¦ğ—¨ğ—•ğ—ğ—˜ğ—¬, ğ—¥ğ—¨ğ—™ğ—™ğ—–ğ—¨ğ—§, ğ— ğ—¢ğ—¡ğ—” ğ—Ÿğ—œğ—¦ğ—” ğ—¢ğ—©ğ—˜ğ—¥ğ——ğ—¥ğ—œğ—©ğ—˜ b2b ğ—¨ğ—¡ğ—œğ—¦ğ—¢ğ—¡ğ—¨ğ—¦, ğ—¦ğ—˜ğ—Ÿğ—˜ğ—¦ğ—§ğ—œğ—” b2b ğ— ğ—¢ğ—©ğ—˜ğ— ğ—˜ğ—¡ğ—§ğ—”ğ—Ÿ, ğ—£ğ—˜ğ—”ğ—§Ã“ğ—¡-&gt; tickets.kaschemme.ch",,,https://www.kaschemme.ch/programm/2025/11/21/bass-arcade-w-subkey-amp-ruffcut,15
Kaschemme,2 YEARS EMO NIGHT w/ FC KLEINSTADT &amp; COROKIA,2026-11-21,,FC KLEINSTADT &amp; COROKIA,hardstyle,"Zwei Jahre TrÃ¤nen, Schweiss, Party und die beste Community der Welt! Wir feiern das 2-jÃ¤hrige JubilÃ¤um der ğ˜Œğ˜”ğ˜– ğ˜•ğ˜ğ˜ğ˜ğ˜›! Zur grossen Geburtstagssause gibt Es nicht nur eure liebsten Emo-, Punk- und Post-Hardcore-Hymnen, sondern auch Live-Musik mit ğ˜ğ˜Š ğ˜’ğ˜“ğ˜Œğ˜ğ˜•ğ˜šğ˜›ğ˜ˆğ˜‹ğ˜› und ğ˜Šğ˜–ğ˜™ğ˜–ğ˜’ğ˜ğ˜ˆ! Lineup: ğ—™ğ—– ğ—ğ—Ÿğ—˜ğ—œğ—¡ğ—¦ğ—§ğ—”ğ——ğ—§, ğ—–ğ—¢ğ—¥ğ—¢ğ—ğ—œğ—”, ğ—¦ğ—”ğ—— ğ—•ğ—¢ğ—¬ğ—¦ ğ—¦ğ—¢ğ—¨ğ—¡ğ——ğ—¦ğ—¬ğ—¦ğ—§ğ—˜ğ— -&gt; tickets.kaschemme.ch",,,https://www.kaschemme.ch/programm/2025/11/22/2-years-emo-night-w-fc-kleinstadt-amp-corokia,15
Kaschemme,LIVE: DIE P (DE) &amp; Classic der Dicke ft. DJ Crypt,2026-10-30,,,pop,"Stabiler Kopfnicker-Sound statt billige Effekte und Mainstream Trends. ğ˜‹ğ˜ğ˜Œ ğ˜— und ğ˜Šğ˜“ğ˜ˆğ˜šğ˜šğ˜ğ˜Š ğ˜‹ğ˜Œğ˜™ ğ˜‹ğ˜ğ˜Šğ˜’ğ˜Œ halten die Fahne des guten alten Boom Bap hoch und sorgen fÃ¼r ein musikalisches Erdbeben,  welches die Kaschemme in ihren Grundfesten erschÃ¼ttert.Lineup: ğ——ğ—œğ—˜ ğ—£ (DE), ğ—–ğ—Ÿğ—”ğ—¦ğ—¦ğ—œğ—– ğ——ğ—˜ğ—¥ ğ——ğ—œğ—–ğ—ğ—˜ (CH), ğ——ğ— ğ—–ğ—¥ğ—¬ğ—£ğ—§ (DE), ğ—¥ğ—˜ğ—œğ—¡ğ—›ğ—”ğ—¥ğ—— ğ— (AUT), Cypher by ğ—¡ğ—˜ğ—¨ğ—™ğ—§ğ—¥ğ—¢ğ—œğ—¦, Aftershow w/ ğ—¡ğ—œğ—šğ—›ğ—§ğ— ğ—”ğ—¡ğ—”ğ—šğ—˜ğ—¥-&gt; tickets.kaschemme.ch",,,https://www.kaschemme.ch/programm/2510/diep,14
Nordstern,Worakls,2025-12-05,23:00,,electronic,"Worakls, the maestro of melodies, continues to redefine electronic music. His innate musicality, honed through years of classical training, seamlessly blends with his passion for electronic sounds. The result is a captivating sonic tapestry woven from powerful orchestrations, driving rhythms, and dreamy melodies. Each track is a journey, an exploration of emotions that resonates deeply with listeners, showcasing the true artistry that lies at the heart of Worakls' music.",,https://tickets.nordstern.com/events/worakls-2025-12-05,https://tickets.nordstern.com/events/worakls-2025-12-05,13
Nordstern,Aaron Hibell,2025-12-06,23:00,,techno,"Aaron Hibell is the dynamic young producer bridging the gap between the symphony hall and the dance floor. After dropping university for his craft, the English native cemented his place in the UK scene by producing for Europe&rsquo;s elite. Inspired by classical music, Hibell crafts captivating electronic sounds that effortlessly blend techno, trance, and house with orchestral elements, pushing both cinematic and electronic boundaries.",,https://tickets.nordstern.com/events/aaron-hibell-2025-12-06,https://tickets.nordstern.com/events/aaron-hibell-2025-12-06,13
Nordstern,Polyamor,2025-12-12,12:00,,nordstern,"polyamor is a Berlin-based record label that embodies a spirit of musical exploration and artistic freedom. They champion a diverse roster of artists who push boundaries and defy genre conventions, creating a sound that is as eclectic as it is exciting. But polyamor is more than just a label, it's an experience. Their parties are legendary, celebrating music with a lot of humor, kitsch, and tolerance. polyamor stands for the love of every body and every genre, bringing an infectious energy to th...",,https://tickets.nordstern.com/events/polyamor,https://tickets.nordstern.com/events/polyamor,13
Nordstern,Ztanz,2025-12-18,19:00,,emo,"ZtanZ - die Reise setzt sich fort . . . Am 18. Dezember &ouml;ffnet sich ZtanZ ein letztes Mal in diesem Jahr. Ein Abend, an dem elektronische Musik, Rituale, Live-Elemente und heilsame Impulse miteinander verschmelzen. Kein klassischer Event, sondern ein kollektives Erinnern an das, was uns im Innersten verbindet: Musik, Begegnung und Bewegung. Auf dem Mitteldeck des Nordstern entsteht ein Oase zum Ankommen, Loslassen und Tanzen. Begleitet von DJs, Live-Drums, Zeremonien und einem kleinen Buffe...",,https://tickets.nordstern.com/events/ztanz-2025-11-17,https://tickets.nordstern.com/events/ztanz-2025-11-17,13
Nordstern,Deborah De Luca,2025-12-19,23:00,,techno,"Deborah De Luca's musical identity is a compelling synthesis of contrasts. Born from the challenging streets of Naples, her sound fuses the raw power of hard Techno with refined minimal grooves and emotive melodic soundscapes. This technical signature is more than just music; it's a powerful statement of self. It speaks to a relentless determination forged against humble beginnings, translating an unwavering, deep-rooted ethic into electrifying, globally resonant performances. Her presence behin...",,https://tickets.nordstern.com/events/deborah-de-luca-2025-12-19,https://tickets.nordstern.com/events/deborah-de-luca-2025-12-19,13
Nordstern,Boutique,2025-12-20,13:00,,house,"From brunch to Spritz &mdash; your new Saturday ritual! After the successful first edition, Nordstern x Triple Espresso are doing it again! Expect smooth house vibes, creative spritz variations, local goodies, tasty food &mdash; and of course, coffee! Hang out with your friends on the Middle Deck with a direct view of the Rhine, dance to the beats, and make your Saturday something truly special. Partners: Milos &mdash; vollneis &mdash; l&auml;d&auml;l&auml;",,https://tickets.nordstern.com/events/boutique,https://tickets.nordstern.com/events/boutique,13
Nordstern,All Night Long,2025-12-20,23:00,,nordstern,"Doma's back! Longtime family, legendary closer, and now, a rising force with a string of fire releases. He knows this booth like the back of his hand and he's claiming it for an All Night Long takeover. Expect relentless, expect sweat, expect a masterclass in reading the room &ndash; and then setting it on fire.",,https://tickets.nordstern.com/events/doma-all-night-long-2025-12-20,https://tickets.nordstern.com/events/doma-all-night-long-2025-12-20,13
Nordstern,Cultura40,2025-12-25,23:00,,electronic,"Cultura stands for culture, community & harmony. Born in Basel with the sole purpose of inducing solidarity & pride into the city&rsquo;s vibrant electronic culture, Cultura has taken over the city in a wave of unity, fusing together Basel&rsquo;s underground music into an ever growing union.",,https://tickets.nordstern.com/events/cultura40,https://tickets.nordstern.com/events/cultura40,13
Nordstern,Flying Mystic,2025-12-26,23:00,,psytrance,â˜° PSYCHEDELIC FLOOR (Main) â–€â–€â–€â–€â–€â–€â–€â–€â–€â–€â–€â–€â–€â–€â–€â–€â–€â–€â–€â–€â–€â–€â–€â–€â–€ âœ¦ AARDVARKK âœ¦ (Bom Shanka Music) -UK- www.instagram.com/aardvarkkoffical_ www.soundcloud.com/aardvark-368122317 âœ¦ FUTURE MOON âœ¦ (Digital Om Records) -DE- www.instagram.com/futuremoon_music www.soundcloud.com/djfuturemoon_official âœ¦ JUMPSTREET âœ¦ (Looney Moon Records) -CH- www.instagram.com/jumpstreetlooney www.soundcloud.com/jumpstreetlooney âœ¦ RUGRATS âœ¦ (Looney Moon Records) -CH- www.facebook.com/jumpstreetlooney www.soundcloud.com/rugratsmusic...,,https://eventfrog.ch/de/p/party/goa/the-flying-mystic-nord-7386042731989042759.html,https://eventfrog.ch/de/p/party/goa/the-flying-mystic-nord-7386042731989042759.html,13
Nordstern,NYE mit Hut & Brille,2025-12-31,23:00,,trance,"Join us on two floors for the most spectacularly-spectacled and hat-tastic countdown of the year! The motto is simply: ""Mit Hut und Brille."" Your mission: Don your most magnificent hat and your most captivating glasses (sunglasses, reading specs, goggles, monocle... get creative!). No exceptions! This is your chance to frame your face for fame and crown your commitment to fun. Expect brilliant tunes, dazzling company, and an unforgettable entrance into the new year. Let's start the year with a c...",,https://tickets.nordstern.com/events/nye-mit-hut-und-brille,https://tickets.nordstern.com/events/nye-mit-hut-und-brille,13
Nordstern,All Night Long,2026-03-07,23:00,,nordstern,"Sebastian Konrad, a whirlwind of energy and charisma, burst onto the scene in 2016, captivating audiences in Switzerland and beyond with his impeccable selections. His productions pulse with a driving force, mirroring the energy he brings to the decks.",,https://nordstern.shop.bookinea.app/en/c/sebastian-konrad-all-night-long-1375,https://nordstern.shop.bookinea.app/en/c/sebastian-konrad-all-night-long-1375,13
Nordstern,Unreal Basel,2026-03-27,20:00,,bass,"Unreal Germany returns to Basel! The architectural embrace of Messe Basel will be transformed into a boiling pot of bass and strobes. Location: Event Halle, Messe Basel",,https://nordstern.shop.bookinea.app/de/c/unreal-basel-1115,https://nordstern.shop.bookinea.app/de/c/unreal-basel-1115,13
Nordstern,Moving City,2026-03-28,20:00,,movingFestival,,,https://nordstern.shop.bookinea.app/de/c/moving-city-basel-1116,https://nordstern.shop.bookinea.app/de/c/moving-city-basel-1116,13
Nordstern,Apollon Day One,2026-07-24,14:00,,apollon,Between Antiquity and Modernity: Two days in Augusta Raurica,,https://nordstern.shop.bookinea.app/de/c/apollon-at-theater-augusta-raurica-1253,https://nordstern.shop.bookinea.app/de/c/apollon-at-theater-augusta-raurica-1253,13
Nordstern,Apollon Day Two,2026-07-25,14:00,,apollon,Between Antiquity and Modernity: Two days in Augusta Raurica,,https://nordstern.shop.bookinea.app/de/c/apollon-at-theater-augusta-raurica-1253,https://nordstern.shop.bookinea.app/de/c/apollon-at-theater-augusta-raurica-1253,13
Bassoverse,Event 5.12.2025,2025-12-05,,,,,,,https://www.bassoverse.space/beats,12
Bassoverse,Event 6.12.2025,2025-12-06,,,,,,,https://www.bassoverse.space/beats,12
Bassoverse,Event 12.12.2025,2025-12-12,,,,,,,https://www.bassoverse.space/beats,12
Bassoverse,Event 13.12.2025,2025-12-13,,,,,,,https://www.bassoverse.space/beats,12
Bassoverse,Event 20.12.2025,2025-12-20,,,,,,,https://www.bassoverse.space/beats,12
Bassoverse,Event 22.12.2025,2025-12-22,,,,,,,https://www.bassoverse.space/beats,12
Elysia,Event 31/12/2025,2025-12-31,,,,,,,https://www.elysia.ch/,12
Bassoverse,Event 9.1.2026,2026-01-09,,,,,,,https://www.bassoverse.space/beats,12
Bassoverse,Event 10.1.2026,2026-01-10,,,,,,,https://www.bassoverse.space/beats,12
Bassoverse,Event 7.2.2026,2026-02-07,,,,,,,https://www.bassoverse.space/beats,12
Bassoverse,Event 7.3.2026,2026-03-07,,,,,,,https://www.bassoverse.space/beats,12
Bassoverse,Event 11.4.2026,2026-04-11,,,,,,,https://www.bassoverse.space/beats,12
Kaschemme,Housekeeping Vol. 03 - Trikot Special!,2026-07-18,,,house,"Am 19.07. laden wir euch ein zum Public Viewing des Viertelfinalspiels der Womens Euro mit anschliessender HOUSEKEEPING Party ab 23:00 Uhr. Come early, stay late! Eintritt mit Trikot die ganze Nacht 10.-, ohne ab 00:00 15.-Lineup: ğ—¢ğ—¦ğ—œğ—¥ğ—œğ—¦, ğ——ğ—˜ğ—˜ ğ—ğ—”ğ—¬ ğ——ğ—œğ—¡ğ—šğ——ğ—¢ğ—¡ğ—šğ——ğ—”ğ—¡, ğ—–Ì§ğ—¢ğ—•ğ—”ğ—¡-&gt; https://tickets.kaschemme.ch",,,https://www.kaschemme.ch/programm/2025/7/19/housekeeping-vol-03-trikot-special,12
Kaschemme,ORO NEGRO presents: DJ MARCELLE,2026-11-27,,,,"Nach langer Abwesenheit ist ğ˜‹ğ˜‘ ğ˜”ğ˜ˆğ˜™ğ˜Šğ˜Œğ˜“ğ˜“ğ˜Œ aus Amsterdam endlich wieder in Basel zu Gast! Wir haben ihre Sets sehr vermisst und freuen uns jetzt schon, wie ğ˜‹ğ˜‘ ğ˜”ğ˜ˆğ˜™ğ˜Šğ˜Œğ˜“ğ˜“ğ˜Œ uns in der Kaschemme mit drei Plattenspielern in ihren Bann ziehen wird.Lineup: ğ——ğ— ğ— ğ—”ğ—¥ğ—–ğ—˜ğ—Ÿğ—Ÿğ—˜, ğ—§ğ—ªğ—˜ğ—¥ğ—ğ—œğ—¡ğ—š ğ—–ğ—Ÿğ—”ğ—¦ğ—¦ ğ—›ğ—˜ğ—¥ğ—¢ğ—˜ğ—¦, ğ—™ğ—¥ğ—”ğ—¡ğ—–ğ—˜ğ—¦ğ—–ğ—¢ ğ—£ğ—”ğ—¡ğ—˜ğ—§ğ—§ğ—¢ğ—¡ğ—˜-&gt; tickets.kaschemme.ch",,,https://www.kaschemme.ch/programm/2025/11/28/oro-negro-presents-dj-marcelle,12
Kaschemme,HITS N' SHITS / Vorweihnachtsfeierei,2025-12-05,,,,"Bevor der Weihnachtsstress losgeht, wird nochmal richtig gefeiert! ğ˜‹ğ˜‘ ğ˜™ğ˜ˆğ˜”ğ˜‰ğ˜– sorgt fÃ¼r den ultimativen Soundtrack der guten Laune: Hits â€˜nâ€™ Shits von damals bis heute â€“ von ABBA bis Vengaboys, von Robbie Williams Ã¼ber Shakira, Nina Chuba und *NSYNC bis Dr. Alban &amp; Co. ğŸ’ƒğŸ•º Egal ob Klassiker, One-Hit-Wonder oder guilty pleasure â€“ hier bleibt kein Tanzbein still.Lineup: &nbsp;ğ——ğ— ğ—¥ğ—”ğ— ğ—•ğ—¢-&gt; tickets.kaschemme.ch",,,https://www.kaschemme.ch/programm/2025/12/6/hits-n-shits-vorweihnachtsfeierei,10
Kaschemme,RENDEZVOUS DER NACHT // 15 JAHRE KALEIKO,2025-12-11,,,hiphop,"Schon stolze 15 Jahre sind die Herren von ğ˜’ğ˜ˆğ˜“ğ˜Œğ˜ğ˜’ğ˜– auf Tritt und Trapp. 15 Jahre voller Geschichten, Gesichtern, Katern und TrÃ¤umen âœ¨15 Jahre mit Euch, Dir und Mir. Also tanzt vorbei und trinkt fÃ¼r zwei, denn doppelt hÃ¤lt einfach besser!Lineup: ğ—ğ—”ğ—Ÿğ—˜ğ—œğ—ğ—¢, ğ— ğ—œğ—ğ—›ğ—¨, ğ—›ğ—˜ğ—¥ğ—¥ ğ—©ğ—¢ğ—šğ—˜ğ—Ÿ, ğ—ªğ—¡ğ—­ğ—Ÿ-&gt; tickets.kaschemme.ch",,,https://www.kaschemme.ch/programm/2025/12/12/rendezvous-der-nacht-15-jahre-kaleiko,10
Kaschemme,FREE ALL ANTIFAS!,2025-12-12,,,,"Wir stellen uns Schulter an Schulter gegen die um sich greifende soziale KÃ¤lte und laden ein, zu einem solidarisch-antifaschistischen Abend.Lineup: ğ—”ğ—• + ğ—­ğ—¨ ğ—¦ğ—œğ—¡ğ—šğ—§ ğ—˜ğ—œğ—¡ ğ—Ÿğ—œğ—˜ğ—— ğ˜­ğ˜ªğ˜·ğ˜¦, ğ—”ğ—ğ—ğ—¨ğ—™ğ—Ÿğ—˜ğ—«ğ—«ğŸ¯ğŸ¬ğŸ¬ğŸ¬ ğ˜­ğ˜ªğ˜·ğ˜¦, ğ—›ğ—”ğ—¦ğ—–ğ—›ğ—œ &amp; ğ—”ğ—¤ğ—©ğ—” ğ˜­ğ˜ªğ˜·ğ˜¦, ğ—¡ğ—œğ—–ğ—›ğ—§ğ—¦ ğ——ğ—˜ğ—¦ğ—§ğ—¢ ğ—§ğ—¥ğ—¢ğ—§ğ—­ ğ˜­ğ˜ªğ˜·ğ˜¦, ğ—­ğ—”ğ—•ğ—” ğ—ğ—¢ğ—Ÿğ—Ÿğ—˜ğ—ğ—§ğ—œğ—©, ğ—¥ğ—˜ğ— ğ—¬ğ——ğ—˜ğ— ğ— ğ—œ, ğ—¥ğ—¢ğ—”ğ—— ğ—¥ğ—”ğ—šğ—˜, ğ—¦ğ—§ğ—˜ğ—”ğ— ğ—¬-&gt; tickets.kaschemme.ch",,,https://www.kaschemme.ch/programm/1312/freeallantifas,10
Kaschemme,WUZA // WEEKENDER,2025-12-19,,,,"Ein Jahr voll Klang neigt sich dem Ende. Wir ziehen weiter, nach Basel â€“ dorthin, wo der Raum stimmt und die NÃ¤chte ehrlich sind. Die Kaschemme, ein Ort, der uns kennt, der unseren Atem bereits gehÃ¶rt hat und uns wieder aufnimmt.Wir reisen nicht allein. Aus Berlin kommen die Vertrauten, Stimmen, die uns tragen. Dazu stossen lokale Funken, frisch, nah, neugierig. Gemeinsam ein Moment, kurz, aber wahr. Ein Wochenende, das den Kreis schliesst und doch Neues Ã¶ffnet.Lineup: AMELI live, AVEM live, BAT...",,,https://www.kaschemme.ch/programm/2025/12/20/wuza-weekender,10
Kaschemme,SUPERSONIC //  X-MAS EDITION,2025-12-25,,,,"Die legendÃ¤re Kaschemme Post-Weihnachtsfeier ist zurÃ¼ck! Nach dem Weihnachtsstress brauchtâ€™s Party, also ab in die Kaschemme!Lineup: ğ—˜ğ—Ÿğ—¦ğ—” ğ—ªğ—¨ğ—¥ğ—­ğ—˜ğ—Ÿ ğ—¢ğ—©ğ—”, ğ—™ğ—¥ğ—˜ğ—˜ğ—­ğ—¢, ğ—™ğ—”ğ——ğ—¥ğ—œ ğ—¯ğŸ®ğ—¯ ğ—£ğ—˜ğ—”ğ—§ğ—¼Ìğ—¡, ğ— ğ—œğ—¦ğ—¦ğ—œğ— ğ—˜-&gt; tickets.kaschemme.ch",,,https://www.kaschemme.ch/programm/2025/12/26/supersonic-x-mas-edition,10
Kaschemme,NICA // OPEN AIR,2026-06-20,,,,"Im glitzernden Sonnenlicht und mit wundervollen Melodien im Ohr, tanzen an der frischen Luft! Das erste Openair des Jahres kitzelt die Synapsen mit Live Musik in verspielter AtmosphÃ¤re: Kommt und geniesst mit uns - wir feiern vom Nachmittag bis Mitternacht im Garten und anschliessend bis zum Sonnenaufgang im Club!Lineup:&nbsp;ğ—™ğ—Ÿğ—œğ—˜ğ——ğ—˜ğ—¥ ğ˜“ğ˜ğ˜ğ˜Œ + ğ˜‹ğ˜‘-ğ˜šğ˜Œğ˜›, ğ—”ğ—Ÿğ—œğ—–ğ—˜ ğ—›Ã„ğ—¡ğ—¦ğ—˜ğ—¡ğ—•ğ—˜ğ—¥ğ—šğ—˜ğ—¥, ğ— ğ—ğ—¨ğ—Ÿğ—˜ğ—©, ğ—”ğ—¡ğ—”ğ—–ğ—¢, ğ—˜ğ—©ğ—¢ğ—œğ—Ÿğ—” &amp; ğ—§ğ—”ğ—”ğ—Ÿğ—”-&gt; tickets.kaschemme.ch",,,https://www.kaschemme.ch/programm/2506/nicaopenair,10
Kaschemme,BASS &amp; BOUNCE,2026-06-25,,,bass,"FÃ¼r den perfekten Start in die Sommerferien erwartet euch ein bouncy Line-Up dessen BÃ¤sse bis in die frÃ¼hen Morgenstunden tanzen lassen - also pack deine Leute ein und mach dich bereit fÃ¼r eine Nacht voller Bass &amp; Bounce.Lineup: ğ—– ğ—Ÿğ—˜ğ—¦ğ—¦ b2b ğ—™ğ—œğ—¡ğŸ´ğŸ¬ğŸ´, ğ—˜ğ—¥ğ—¥ğ—¢ğ—¥, ğ—­ğ—”ğ—•ğ—”-&gt; tickets.kaschemme.ch",,,https://www.kaschemme.ch/programm/2506/bassbounce,10
Kaschemme,EMO NIGHT - SUMMER AT THE DISCO,2026-07-11,,,emo,"Am 12. Juli 2025 wird die Kaschemme Basel zum sicheren Hafen fÃ¼r alle mit zu viel GefÃ¼hl und zu wenig Ventil. Ein Abend und eine Nacht fÃ¼r alle, die sich irgendwo zwischen Fernweh, Herzweh und Sommerhitze verlieren â€“ und dabei vielleicht jemanden findenLineup: Sadboys Soundsystem, more tba soon.-&gt; tickets.kaschemme.ch",,,https://www.kaschemme.ch/programm/2507/emonight,10
Kaschemme,SUMMER RAVE // Day &amp; Night,2026-07-25,,,,"Am Samstag, 26. Juli feiern wir mit guten Freund:innen den  alljÃ¤hrlichen Kaschemme Day &amp; Night Summer-Rave!  Geniesst mit uns  begeisternde Musik unter freiem Himmel und lasst euch von der  elektrisierenden AtmosphÃ¤re anstecken.Lineup: ğ—ğ—˜ğ—Ÿğ—˜ğ—¡ğ—”, ğ—™ğ—¥ğ—¥ğ—¥ ğ— ğ—¬ ğ—£ğ—¢ğ—¡ğ—¬, ğ—¡ğ—”Ãšğ—§ğ—˜ğ—¦ ğ˜“ğ˜ğ˜ğ˜Œ, ğ—©ğ—Ÿğ—¡ğ—¢ğ—Ÿğ—”ğ— , ğ—”ğ—¥ğ—£ğ—”ğ—šğ—”ğ—¨ğ—¦ &amp; ğ—™ğ—ŸÃ–ğ—§ğ—˜-&gt; tickets.kaschemme.ch",,,https://www.kaschemme.ch/programm/2507/summerrave,10
Kaschemme,HITS N SHITS,2026-08-01,,,,"Hits â€˜nâ€™ Shits von damals bis heute:&nbsp; Wir kreieren den perfekten Abend, um nach dem ersten Heimspiel der Saison zu feiern! DJ RAMBO spielt von den grÃ¶ssten Songs bis zur guilty pleasure alles, was das Tanzbein bewegt.Lineup: ğ——ğ— ğ—¥ğ—”ğ— ğ—•ğ—¢ ğ˜¢ğ˜­ğ˜­ ğ˜¯ğ˜ªğ˜¨ğ˜©ğ˜µ ğ˜­ğ˜°ğ˜¯ğ˜¨-&gt; https://tickets.kaschemme.ch",,,https://www.kaschemme.ch/programm/2025/8/2/hits-n-shits,10
Kaschemme,NICA // OPEN AIR,2026-08-08,,,,"Zum zweiten Mal diesen Sommer lÃ¤dt NICA zum Rave im Garten der  Kaschemme! Vom Nachmittag bis tief in die Nacht lassen wir die BÃ¤sse  wummern und schaffen gemeinsam einen Raum fÃ¼r ein immersives Bad in den  Klangwelten.Lineup: ğ—˜ğ—™ğ—§ğ—¡ ğ˜“ğ˜ğ˜ğ˜Œ, ğ—§ğ—œğ— ğ—¡ğ—”ğ—›, ğ—”ğ—Ÿğ—œğ—¦ğ—¦ğ—”, ğ—Ÿğ—¨ğ—« ğ—™ğ—¨ğ—«, ğ—§ğ—›ğ—œğ—Ÿğ—¢-&gt; tickets.kaschemme.ch",,,https://www.kaschemme.ch/programm/2508/openair,10
Kaschemme,Daisy Chain presents: HORROR VACUI (ITA),2026-08-20,,,rock,"HORROR VACUI blends early â€™80s goth with post-punk in a horror-tinged sound. Their name reflects a signature style built on tight, guitar-driven songs, sing-along hooks and vocal lines many of which have become modern goth anthems as for â€œIn Darkness You Will Feel Alrightâ€.Lineup: ğ—›ğ—¢ğ—¥ğ—¥ğ—¢ğ—¥ ğ—©ğ—”ğ—–ğ—¨ğ—œ, ğ—§ğ—¨ğ—¥ğ—¡ğ—–ğ—¢ğ—”ğ—§ğ—¦-&gt; eventfrog.ch",,,https://www.kaschemme.ch/programm/2025/8/21/daisy-chain-presents-horror-vacui-ita,10
Kaschemme,OPENAIR // QUEERSCHI x CALOROSA,2026-08-21,,,dubstep,"Am Freitag 22. August feiern wir mit ğ˜˜ğ˜œğ˜Œğ˜Œğ˜™ğ˜šğ˜Šğ˜ğ˜ x ğ˜Šğ˜ˆğ˜“ğ˜–ğ˜™ğ˜–ğ˜šğ˜ˆ erst im Garten und anschliessend im Club. Ab 19:30 Uhr bis Mitternacht - from booty shake dembow, to groovy bass, to deep dubstepLineup: ğ—–ğ—”ğ—Ÿğ—œğ—–ğ—”Ì, ğ—œğ— ğ—”ğ—¡, ğ—ğ—”ğ—¡ğ—”ğ—ğ—Ÿğ—”ğ—¥, ğ—¥ğ—œğ—–ğ—”ğ—¥ğ—œğ—–ğ—”, ğ—¬ğ—©ğ—”ğ—¥ğ—œğ—˜-&gt; tickets.kaschemme.ch",,,https://www.kaschemme.ch/programm/2508/queerschicalorosoa,10
Kaschemme,VIERNULLVIER - Sommerfest,2026-09-11,,,house,"VIERNULLVIER lÃ¤dt ein zum Sommerfest! Mit Beerpong-Turnier und erfrischender House-Musik im Club von ğ˜ŠÌ§ğ˜–ğ˜‰ğ˜ˆğ˜• und ğ˜šğ˜œğ˜Œğ˜‹ğ˜–.Lineup: ğ—–Ì§ğ—¢ğ—•ğ—”ğ—¡, ğ—¦ğ—¨ğ—˜ğ——ğ—¢â†’ kein Vorverkauf!",,,https://www.kaschemme.ch/programm/2509/viernullvier-sommerfest,10
Kaschemme,OPENAIR // Season Closing,2026-09-18,,,,"Mit dem SEASON CLOSING am Freitag, 19. September ab 17:00 Uhr laden  wir noch einmal alle dazu ein, gemeinsam an der frischen Luft in die Nacht zu tanzen! Euch erwarten 12 Stunden In- und Outdoor Rave mit ausgewÃ¤hlten  Leckereien zum Sommerschluss.Lineup: ğ—›ğ—˜ğ—¥ğ—­ğ—¦ğ—–ğ—›ğ—ªğ—˜ğ—¦ğ—§ğ—˜ğ—¥, ğ—ğ—”ğ—Ÿğ—œ ğ—ğ—”ğ—¥ğ—”ğ—–ğ—›ğ—¢, ğ——ğ—¢ğ—¡ğ—¡ğ—œğ—˜, ğ—–ğ—©ğ—¡ğ—§ğ—”ğ—›ğ—¢ğ—¡ğ—§ğ—”ğ—¦, ğ—ğ—¢ğ—¡ğ—¥ğ—”ğ—— ğ——ğ—¬ğ—–ğ—ğ—˜-&gt; tickets.kaschemme.ch",,,https://www.kaschemme.ch/programm/2509/openair-seasonclosing,10
Kaschemme,NACHTKATZE prÃ¤sentiert BENZIN,2026-09-25,,,,"Diese Nacht entsteht nicht durch eine einzelne Person â€“ sondern durch uns alle. Ohne Raver, kein Benzin. Gemeinsam zÃ¼nden wir den Funken und lassen diese Nacht zu einem Inferno aus Energie und Leidenschaft werden.Lineup: ğ—Ÿğ—œğ—¡ğ—–ğ—›ğ—˜ğ—¡, ğ—˜ğ—— ğ— ğ—¢$ğ—•ğ—¬ b2b ğ—¦ğ—›ğ—¢ğ—˜ğ—¦ğ—œğ—­ğ—˜ğŸ°ğŸ±, ğ—™ğ—”ğ—•ğ—œğ—¢ ğ— ğ—”ğ—¥-&gt; https://tickets.kaschemme.ch",,,https://www.kaschemme.ch/programm/2509/benzin,10
Kaschemme,ASTRO:LIBRA,2026-10-03,,,,"Wir tanzen im Zeichen der Himmelskonstellationen und zelebrieren am Samstag, 04. Oktober alle, die im Sternzeichen ğ˜“ğ˜ğ˜‰ğ˜™ğ˜ˆ (Waage) geboren sind.Lineup: ğ—”ğ—¥ğ—£ğ—”ğ—šğ—”ğ—¨ğ—¦ &amp; ğ—™ğ—ŸÃ–ğ—§ğ—˜, ğ—§ğ—›ğ—¢ğ— ğ—”ğ—¦ğ—¦ğ—¢ğ—¡, ğ—™ğ—¥ğ—”ğ—¨ ğ—›ğ—¢ğ—Ÿğ—Ÿğ—˜ b2b ğ—Ã„ğ—§ğ—§ğ—œ, ğ— ğ—”ğ—§ğ—§ğ—›ğ—œğ—”ğ—¦ b2b ğ—”ğ——ğ—¥ğ—œğ—”ğ—¡, ğ—˜ğ—Ÿğ—¨ğ—œğ—¦ğ—œğ—¢ğ—¡-&gt; tickets.kaschemme.ch",,,https://www.kaschemme.ch/programm/2025/10/4/astro-libra,10
Kaschemme,ANCST,2026-10-08,,,metal,"Blackened Metalcore / Death Metal with chunks of Grindcore &amp; Crust thrown in the mix. Active since 2011 with tours all over Europe and the UK and a back catalog of over 28 releases that range from their trademark sound to experiments in raw black metal or dark ambient. DIY to the core - no gimmicks, no fancy-ass industry bullshit - just rage &amp; blast beats.Lineup: &nbsp;ğ—”ğ—¡ğ—–ğ—¦ğ—§, ğ—©ğ—”ğ—Ÿğ—”ğ—¥ğ—”, &nbsp;ğ——ğ—œğ—¦ğ—œğ—¡ğ—–ğ—Ÿğ—œğ—¡ğ—˜ğ——-&gt; Vorverkauf via Eventfrog",,,https://www.kaschemme.ch/programm/2025/10/9/ancst,10
Kaschemme,HITS N' SHITS,2026-10-17,,,,"Hits â€˜nâ€™ Shits von damals bis heute:&nbsp; DJ Rambo spielt von den grÃ¶ssten Hits bis zur guilty pleasure alles, was das Tanzbein bewegt: von ABBA bis Vengaboys, von Robbie Williams Ã¼ber Shakira, Nina Chuba und *Nsync bis Dr. Alban und co.Lineup: &nbsp;ğ——ğ— ğ—¥ğ—”ğ— ğ—•ğ—¢ // ğ˜¢ğ˜­ğ˜­ ğ˜¯ğ˜ªğ˜¨ğ˜©ğ˜µ ğ˜­ğ˜°ğ˜¯ğ˜¨-&gt; tickets.kaschemme.ch",,,https://www.kaschemme.ch/programm/2025/10/18/hits-n-shits,10
Kaschemme,CLUB EDENLOS,2026-10-24,,,,"Nach einem warmen Sommer mit viel Getanze unter freiem Himmel kehren wir zur kÃ¼hlen Herbstzeit in den Club zurÃ¼ck. ğ˜Šğ˜“ğ˜œğ˜‰ ğ˜Œğ˜‹ğ˜Œğ˜•ğ˜“ğ˜–ğ˜š lÃ¤uft endlich wieder vollzÃ¤hlig in der Kaschemme auf und hat dabei zwei Asse im Ã„rmel!Lineup: ğ—­Ãœğ—¡ğ——ğ—˜ğ—¥ğ—˜ğ—Ÿğ—Ÿğ—”, ğ—›ğ—”ğ—¡ğ—šğ—”ğ—¥ğ—›ğ—”ğ—¨ğ—¦ğ—œ, ğ——ğ— ğ—šğ—Ÿğ—˜ğ—¡ğ—§ğ—”ğ—¡ ğ—¯ğŸ®ğ—¯ ğ—¦ğ—ªğ—”ğ—šğ—–ğ—›ğ—œğ—˜ğ—™, ğ——ğ— ğ——ğ—”ğ—¨ğ—˜ğ—¥ğ—ªğ—˜ğ—Ÿğ—Ÿğ—˜-&gt; tickets.kaschemme.ch",,,https://www.kaschemme.ch/programm/2025/10/25/edenlos,10
Kaschemme,COREBOUND,2026-10-28,,,,"Am Mittwoch 29. Oktober kehren ğ˜™ğ˜œğ˜ğ˜•ğ˜š ğ˜–ğ˜ ğ˜—ğ˜Œğ˜™ğ˜Šğ˜Œğ˜—ğ˜›ğ˜ğ˜–ğ˜• zurÃ¼ck in die Schweiz! FÃ¼r dieses Wiedersehen werden sie begleitet von der britischen Deathcore-Gewalt ğ˜›ğ˜– ğ˜–ğ˜‰ğ˜Œğ˜  ğ˜ˆ ğ˜›ğ˜ ğ˜™ğ˜ˆğ˜•ğ˜› und als lokaler Support Act steht die Basler Deathcore Band ğ˜, ğ˜‹ğ˜Œğ˜“ğ˜œğ˜šğ˜ğ˜–ğ˜•ğ˜ğ˜šğ˜› an ihrer Seite.Lineup: ğ—¥ğ—¨ğ—œğ—¡ğ—¦ ğ—¢ğ—™ ğ—£ğ—˜ğ—¥ğ—–ğ—˜ğ—£ğ—§ğ—œğ—¢ğ—¡, ğ—§ğ—¢ ğ—¢ğ—•ğ—˜ğ—¬ ğ—” ğ—§ğ—¬ğ—¥ğ—”ğ—¡ğ—§, ğ—œ, ğ——ğ—˜ğ—Ÿğ—¨ğ—¦ğ—œğ—¢ğ—¡ğ—œğ—¦ğ—§-&gt; eventfrog.ch",,,https://www.kaschemme.ch/programm/2025/10/29/corebound,10
Kaschemme,INDIE ROCK // KASCHEMME,2026-10-31,,,indie,"Gitarren, kÃ¼hle Drinks und Hits, Hits, Hits: INDIE ROCK ist zurÃ¼ck und hat alle Songs im GepÃ¤ck, die Dein Indie-Herz begehrt. Lineup: ğ—”ğ—¡ğ——ğ—¬ // all night long-&gt; tickets.kaschemme.ch",,,https://www.kaschemme.ch/programm/2025/11/1/indie-rock,10
Kaschemme,ASTRO:SCORPIO,2026-11-06,,,,"Wir tanzen im Zeichen der Himmelskonstellationen und zelebrieren am Freitag, 07.11.2025 alle Skorpione. Den musikalischen Bogen spannen die DJ-Veteranen ğ˜‰Ã–ğ˜™ğ˜•ğ˜š &amp; ğ˜¡ğ˜Œğ˜šğ˜› sowie die zauberhafte ğ˜ğ˜Œğ˜™ğ˜¡ğ˜šğ˜Šğ˜ğ˜ğ˜Œğ˜šğ˜›ğ˜Œğ˜™. Die Sterne verheissen eine elektrisierende Nacht.Lineup: ğ—•Ã–ğ—¥ğ—¡ğ—¦, ğ—›ğ—˜ğ—¥ğ—­ğ—¦ğ—–ğ—›ğ—ªğ—˜ğ—¦ğ—§ğ—˜ğ—¥, ğ—­ğ—˜ğ—¦ğ—§-&gt; tickets.kaschemme.ch",,,https://www.kaschemme.ch/programm/2025/11/7/astroscorpio,10
Kaschemme,LA BECQUE x CITY SALTS,2026-11-07,,,,"ğ˜“ğ˜ˆ ğ˜‰ğ˜Œğ˜Šğ˜˜ğ˜œğ˜Œ | ğ˜ˆğ˜³ğ˜µğ˜ªğ˜´ğ˜µ ğ˜™ğ˜¦ğ˜´ğ˜ªğ˜¥ğ˜¦ğ˜¯ğ˜¤ğ˜º und der Kunstverein ğ˜šğ˜ˆğ˜“ğ˜›ğ˜š feiern in der Kaschemme das Ende ihrer gemeinsamen Ausstellung WHAT SINKS STILL SINGS mit Live- und DJ-SetsLineup: ğ—¡ğ—œğ—šğ—›ğ—§ğ—œğ—¡ğ—šğ—”ğ—Ÿğ—˜, ğ—–ğ—›ğ—”ğ—¢ğ—¦ ğ—–ğ—Ÿğ—”ğ—¬, ğ—¦ğ—§ğ—œğ—Ÿğ—Ÿ ğ—©ğ—¦ ğ—Ÿğ—¢ğ—ª ğ—ğ—”ğ—–ğ— ğ—©ğ—¦ ğ—£ğ—”ğ—Ÿğ—  ğ—ªğ—œğ—¡ğ—˜, ğ—Ÿğ—” ğ—•ğ—˜ğ—–ğ—¤ğ—¨ğ—˜ ğ——ğ—ğ—¦-&gt; https://tickets.kaschemme.ch",,,https://www.kaschemme.ch/programm/2511/laecquexcitysalts,10